firstName,title,p_greater,significant_increase,p_less,significant_decrease,median_pre,median_post
Aaron,The Good Doctor,0.9428571428571428,False,0.11428571428571428,False,55.0,45.0
Abraham,TURN: Washington's Spies,0.5,False,0.6405918194923587,False,10.0,10.5
Ace,Heels,0.3142857142857143,False,0.8,False,13.0,14.0
Ada,Peaky Blinders,0.14225134895560376,False,0.9232118017250082,False,11.0,13.5
Ada,The Good Guys,0.23776632979845064,False,0.8577486510443962,False,7.0,12.0
Adam,Adam Ruins Everything,0.36063834951457785,False,0.7622336702015493,False,114.0,135.5
Adam,Chicago P.D.,0.10589918915286134,False,0.9457958500092675,False,114.0,137.0
Adam,Exit,0.8857142857142858,False,0.2,False,133.0,107.5
Adam,Friday Night Dinner,0.6857142857142857,False,0.42857142857142855,False,123.0,121.5
Adam,Jonathan Creek,0.7622336702015493,False,0.36063834951457785,False,128.0,122.0
Adam,Parenthood,0.8,False,0.3142857142857143,False,121.0,118.5
Adam,The Big C,0.8,False,0.3142857142857143,False,121.0,118.5
Adam,The Goldbergs,0.5707863548697991,False,0.5707863548697991,False,123.0,126.0
Adam,Workaholics,0.6857142857142857,False,0.42857142857142855,False,123.0,121.5
Adrian,Monk,0.57143179220385,False,0.57143179220385,False,23.0,24.5
Aidan,Inside No. 9,1.0,False,0.02857142857142857,True,44.0,26.0
Alan,Boston Legal,0.35940818050764134,False,0.764262837574355,False,5.0,5.0
Alan,I'm Alan Partridge,0.8941008108471387,False,0.1862279349906848,False,12.0,9.0
Alan,Inside No. 9,0.7089601740352489,False,0.42722253381476594,False,9.0,8.0
Alan,"Knowing Me, Knowing You with Alan Partridge",0.9751270046392485,False,0.05420414999073258,False,18.0,10.5
Alan,Last Tango in Halifax,0.23573716242564502,False,0.8599563945942512,False,7.0,8.0
Alan,Smiling Friends,0.8577486510443962,False,0.23776632979845064,False,9.0,7.0
Alana,Hannibal,0.5734794619143435,False,0.5734794619143435,False,11.0,10.0
Albert,Hustle,0.9792068293839069,False,0.04774161604877365,True,12.0,7.0
Alec,Broadchurch,0.7823603283909288,False,0.34823324285588814,False,10.0,10.0
Alex,Ashes to Ashes,0.5,False,0.6393616504854222,False,54.0,53.0
Alex,Blue Mountain State,0.9232118017250082,False,0.14225134895560376,False,54.0,48.0
Alex,Julie and the Phantoms,0.9903650331677201,False,0.02383905156801093,True,37.0,22.0
Alex,The Morning Show,0.9474037474399793,False,0.10380870557742289,False,37.0,28.0
Alfred,Babylon Berlin,0.14225134895560376,False,0.9232118017250082,False,4.0,7.0
Ali,Da Ali G Show,0.024872995360751497,True,0.9897996272793145,False,24.0,30.0
Alicia,The Good Wife,1.0,False,0.02857142857142857,True,24.0,15.5
Alison,Orphan Black,0.7037198615416744,False,0.4292136451302009,False,9.0,9.5
Alison,Shetland,0.7037198615416744,False,0.4292136451302009,False,9.0,9.5
Alma,Undone,0.10589918915286134,False,0.9457958500092675,False,5.0,7.5
Alyssa,The End of the F***ing World,1.0,False,0.02857142857142857,True,51.0,22.0
Amanda,Cobra Kai,0.9751270046392485,False,0.05420414999073258,False,20.0,12.0
Amanda,Dirk Gently's Holistic Detective Agency,0.8577486510443962,False,0.23776632979845064,False,17.0,13.0
Amber,Spaced,0.9428571428571428,False,0.11428571428571428,False,72.0,52.5
Amy,Flowers,0.9232118017250082,False,0.14225134895560376,False,32.0,30.0
Amy,Heartland,0.983843544378378,False,0.03723091570870274,True,59.0,46.0
Amy,Little Dorrit,0.9897996272793145,False,0.024872995360751497,True,55.0,41.5
Amy,Veep,0.9627690842912973,False,0.07678819827499188,False,41.0,33.0
Ana,Velvet,0.23573716242564502,False,0.8599563945942512,False,8.0,9.0
Anastasia,Banshee,0.05420414999073258,False,0.9751270046392485,False,13.0,25.0
Andrea,Day Break,0.42722253381476594,False,0.7089601740352489,False,25.0,24.5
Andrew,Animal Kingdom,0.9428571428571428,False,0.11428571428571428,False,86.0,68.5
Andy,Detectorists,0.7089601740352489,False,0.42722253381476594,False,8.0,8.0
Andy,Extras,0.57143179220385,False,0.57143179220385,False,12.0,11.0
Andy,Life with Louie,0.6393616504854222,False,0.5,False,12.0,11.5
Angel,Dexter,0.29628013845832557,False,0.8137720650093152,False,18.0,22.5
Angel,Pose,0.8599563945942512,False,0.23573716242564502,False,19.0,16.0
Angela,My So-Called Life,0.8,False,0.3142857142857143,False,54.0,42.0
Angela,Power,0.11428571428571428,False,0.9428571428571428,False,17.0,21.0
Angela,The Night Manager,0.8857142857142858,False,0.2,False,22.0,15.0
Angela,The Rookie,1.0,False,0.02857142857142857,True,20.0,11.0
Angus,Code Black,0.5727774661852341,False,0.5727774661852341,False,9.0,8.5
Anna,Amphibia,0.9903650331677201,False,0.02383905156801093,True,69.0,60.0
Anna,PEN15,0.9903650331677201,False,0.02383905156801093,True,69.0,60.0
Anna,TURN: Washington's Spies,0.23776632979845064,False,0.8577486510443962,False,91.0,101.5
Annalise,How to Get Away with Murder,0.9919824434548129,False,0.020793170616093072,True,10.0,7.0
Anne,Amphibia,0.57143179220385,False,0.57143179220385,False,6.0,6.5
Anne,Anne with an E,0.29628013845832557,False,0.8137720650093152,False,4.0,6.0
Anne,Gentleman Jack,0.57143179220385,False,0.57143179220385,False,6.0,6.5
Annie,Life on Mars,0.14225134895560376,False,0.9232118017250082,False,10.0,13.5
April,Eastbound & Down,0.7622336702015493,False,0.36063834951457785,False,10.0,8.5
Arabella,I May Destroy You,0.9004550739258976,False,0.1795060268932147,False,21.0,17.0
Arthur,Little Dorrit,0.3581448752704214,False,0.7663391711558842,False,9.0,8.5
Arthur,Peaky Blinders,0.11428571428571428,False,0.9428571428571428,False,10.0,25.0
Ashley,Ash vs Evil Dead,0.5,False,0.6393616504854222,False,20.0,19.5
Astrid,Dragons: Race to the Edge,0.35940818050764134,False,0.764262837574355,False,6.0,9.0
August,Young Royals,0.02857142857142857,True,1.0,False,20.0,44.0
Austen,Brass Eye,0.8159672468472576,False,0.2945772327250291,False,6.0,4.5
Ava,Abbott Elementary,0.8941008108471387,False,0.1862279349906848,False,161.0,119.0
Ava,Hacks,0.8941008108471387,False,0.1862279349906848,False,161.0,119.0
Ava,Justified,1.0,False,0.02857142857142857,True,239.0,199.0
Bear,Reservation Dogs,0.07491041803344624,False,0.9640859218395159,False,0.0,6.0
Beck,Tron: Uprising,0.764262837574355,False,0.35940818050764134,False,5.0,3.5
Ben,Boy Meets World,0.8577486510443962,False,0.23776632979845064,False,9.0,7.0
Ben,Outnumbered,0.5727774661852341,False,0.5727774661852341,False,17.0,17.0
Benjamin,Star Trek: Deep Space Nine,0.57143179220385,False,0.57143179220385,False,132.0,136.5
Bilal,Game of Silence,0.6857142857142857,False,0.42857142857142855,False,9.0,6.5
Blake,Workaholics,0.02857142857142857,True,1.0,False,83.0,124.5
Bradley,The Morning Show,0.9250895819665538,False,0.14004360540574873,False,14.0,11.0
Brendon,Home Movies,0.9232118017250082,False,0.14225134895560376,False,15.0,9.5
Brett,Day Break,0.983843544378378,False,0.03723091570870274,True,45.0,24.0
Brian,Family Guy,0.9897996272793145,False,0.024872995360751497,True,32.0,27.0
Brian,Queer as Folk,0.9897996272793145,False,0.024872995360751497,True,32.0,27.0
Brian,The Mighty Boosh,0.9714285714285714,False,0.05714285714285714,False,27.0,20.0
Brooke,In Treatment,0.8,False,0.3142857142857143,False,114.0,97.5
Bruce,Batman: The Animated Series,0.9627690842912973,False,0.07678819827499188,False,10.0,7.5
Callie,Ugly Americans,0.0525962525600207,False,0.9761609484319891,False,22.0,35.0
Callum,The Dragon Prince,0.42857142857142855,False,0.6857142857142857,False,27.0,32.5
Cameron,Halt and Catch Fire,0.7037198615416744,False,0.4292136451302009,False,70.0,66.0
Camila,Undone,0.29628013845832557,False,0.8137720650093152,False,14.0,15.5
Carl,Down to Earth with Zac Efron,0.9846232193703628,False,0.03591407816048411,True,9.0,3.5
Carl,The Midnight Gospel,0.9846232193703628,False,0.03591407816048411,True,9.0,3.5
Carly,Travelers,1.0,False,0.02857142857142857,True,12.0,5.0
Caroline,Last Tango in Halifax,0.05714285714285714,False,0.9714285714285714,False,8.0,11.5
Casey,Atypical,0.6857142857142857,False,0.42857142857142855,False,27.0,24.0
Casey,Sports Night,0.9714285714285714,False,0.05714285714285714,False,30.0,20.5
Catherine,Happy Valley,0.5714285714285714,False,0.5714285714285714,False,22.0,19.0
Catherine,Millennium,0.8,False,0.3142857142857143,False,30.0,28.0
Catherine,The Great,0.9897996272793145,False,0.024872995360751497,True,16.0,7.0
Celeste,Big Little Lies,0.04774161604877365,True,0.9792068293839069,False,5.0,10.0
Celia,Last Tango in Halifax,0.289201506748058,False,0.8228285105183417,False,3.0,4.0
Charles,Brockmire,0.8,False,0.3142857142857143,False,72.0,63.5
Charles,The Tudors,0.11428571428571428,False,0.9428571428571428,False,33.0,38.5
Charlie,Californication,0.05420414999073258,False,0.9751270046392485,False,25.0,46.0
Charlie,Dead to Me,0.7089601740352489,False,0.42722253381476594,False,110.0,107.5
Charlie,It's Always Sunny in Philadelphia,0.02857142857142857,True,1.0,False,15.0,36.5
Charlie,Life,0.05420414999073258,False,0.9751270046392485,False,25.0,46.0
Charlie,The League of Gentlemen,0.04774161604877365,True,0.9792068293839069,False,5.0,7.0
Charlotte,Babylon Berlin,0.11428571428571428,False,0.9428571428571428,False,146.0,181.0
Charlotte,Dark,0.11428571428571428,False,0.9428571428571428,False,146.0,181.0
Charlotte,"Knowing Me, Knowing You with Alan Partridge",0.5,False,0.6393616504854222,False,17.0,15.5
Charlotte,Ozark,0.11428571428571428,False,0.9428571428571428,False,146.0,181.0
Charlotte,Pushing Daisies,0.05714285714285714,False,0.9714285714285714,False,30.0,60.5
Chloe,24,0.024872995360751497,True,0.9897996272793145,False,73.0,99.0
Chloe,Lucifer,0.9428571428571428,False,0.11428571428571428,False,156.0,122.0
Chloe,My Mad Fat Diary,0.9232118017250082,False,0.14225134895560376,False,186.0,161.0
Chris,Catastrophe,0.6405918194923587,False,0.5,False,9.0,6.0
Christian,Good Behavior,1.0,False,0.02857142857142857,True,40.0,31.5
Christina,Moral Orel,0.9714285714285714,False,0.05714285714285714,False,31.0,18.0
Christina,Westworld,0.9751270046392485,False,0.05420414999073258,False,19.0,8.5
Christopher,Brass Eye,0.9457958500092675,False,0.10589918915286134,False,231.0,156.0
Christopher,Foyle's War,1.0,False,0.02857142857142857,True,122.0,86.5
Christopher,Scrubs,0.9714285714285714,False,0.05714285714285714,False,140.0,94.0
Claire,Claymore,0.02857142857142857,True,1.0,False,50.0,98.0
Claire,Fleabag,0.9714285714285714,False,0.05714285714285714,False,107.0,81.5
Claire,House of Cards,0.3142857142857143,False,0.8,False,102.0,104.0
Claire,Modern Family,0.2,False,0.8857142857142858,False,91.0,98.5
Claire,Outlander,0.3142857142857143,False,0.8,False,99.0,104.0
Claire,The Orville,1.0,False,0.02857142857142857,True,107.0,78.0
Claire,The Returned,0.05714285714285714,False,0.9714285714285714,False,95.0,106.0
Clare,Claymore,0.42790478763103,False,0.7071689204770453,False,6.0,8.0
Clare,Happy Valley,0.587251044647684,False,0.587251044647684,False,5.0,5.0
Clark,Justice League Unlimited,0.09737108641979586,False,0.9522583839512263,False,3.0,7.0
Clark,Young Justice,0.03591407816048411,True,0.9846232193703628,False,7.0,16.5
Conner,Young Justice,0.42856820779615,False,0.7054227672749709,False,20.0,20.5
Connor,How to Get Away with Murder,0.03723091570870274,True,0.983843544378378,False,119.0,127.5
Cora,Downton Abbey,0.9004550739258976,False,0.1795060268932147,False,15.0,12.5
Cory,Boy Meets World,0.9897996272793145,False,0.024872995360751497,True,64.0,31.0
Cory,The Morning Show,0.2945772327250291,False,0.8159672468472576,False,3.0,5.5
Courtney,The Soup,1.0,False,0.02857142857142857,True,43.0,22.5
Cullen,Hell on Wheels,0.2,False,0.8857142857142858,False,3.0,5.5
Curtis,Misfits,0.9232118017250082,False,0.14225134895560376,False,16.0,7.5
Cynthia,Mozart in the Jungle,0.1862279349906848,False,0.8941008108471387,False,3.0,6.0
Daisy,Spaced,0.14004360540574873,False,0.9250895819665538,False,3.0,6.5
Dale,Twin Peaks,0.9232118017250082,False,0.14225134895560376,False,23.0,20.5
Damien,Strike Back,0.5714285714285714,False,0.5714285714285714,False,25.0,23.0
Dana,Sports Night,0.8137720650093152,False,0.29628013845832557,False,30.0,22.0
Dana,The X-Files,1.0,False,0.02857142857142857,True,44.0,27.5
Dani,Life,0.03591407816048411,True,0.9846232193703628,False,5.0,9.0
Daniel,Cobra Kai,0.9714285714285714,False,0.05714285714285714,False,132.0,121.5
Daniel,Freaks and Geeks,0.8857142857142858,False,0.2,False,176.0,172.0
Daniel,Rectify,0.8857142857142858,False,0.2,False,156.0,146.0
Danny,Breathe,0.42722253381476594,False,0.7089601740352489,False,5.0,7.0
Danny,I Think You Should Leave with Tim Robinson,0.6393616504854222,False,0.5,False,5.0,7.0
Danny,Studio 60 on the Sunset Strip,0.5,False,0.6393616504854222,False,9.0,8.5
Darren,Extras,0.29628013845832557,False,0.8137720650093152,False,9.0,14.5
Darren,The Killing,0.42857142857142855,False,0.6857142857142857,False,9.0,11.0
David,Bodyguard,1.0,False,0.02857142857142857,True,107.0,87.0
David,Hilda,1.0,False,0.02857142857142857,True,107.0,87.0
David,Kings,0.8,False,0.3142857142857143,False,107.0,106.0
David,Legion,1.0,False,0.02857142857142857,True,115.0,91.5
David,Rake,0.9428571428571428,False,0.11428571428571428,False,113.0,97.0
David,Schitt's Creek,0.8,False,0.3142857142857143,False,116.0,104.5
David,Six Feet Under,0.9627690842912973,False,0.07678819827499188,False,109.0,95.0
David,Staged,1.0,False,0.02857142857142857,True,93.0,79.5
David,The Office,0.9627690842912973,False,0.07678819827499188,False,109.0,95.0
Deborah,Flowers,0.29628013845832557,False,0.8137720650093152,False,6.0,6.5
Deborah,Hacks,0.23776632979845064,False,0.8577486510443962,False,7.0,8.0
Delilah,Wayne,0.1862279349906848,False,0.8941008108471387,False,17.0,27.0
Denise,The Royle Family,0.04774161604877365,True,0.9792068293839069,False,4.0,5.5
Dennis,It's Always Sunny in Philadelphia,0.764262837574355,False,0.35940818050764134,False,8.0,6.5
Dennis,The Mighty Boosh,0.9640859218395159,False,0.07491041803344624,False,10.0,7.0
Derek,Derek,0.7037198615416744,False,0.4292136451302009,False,24.0,21.0
Dexter,Dexter,0.02857142857142857,True,1.0,False,5.0,16.5
Donald,The Blacklist,0.36063834951457785,False,0.7622336702015493,False,5.0,6.0
Donna,That '70s Show,0.5727774661852341,False,0.5727774661852341,False,4.0,4.0
Dylan,American Vandal,0.9897996272793145,False,0.024872995360751497,True,90.0,60.5
Dylan,Bates Motel,1.0,False,0.02857142857142857,True,102.0,91.5
Dylan,Lovesick,0.9714285714285714,False,0.05714285714285714,False,99.0,87.5
Eddie,Tacoma FD,0.3581448752704214,False,0.7663391711558842,False,5.0,5.5
Edward,Cracker,0.4292136451302009,False,0.7037198615416744,False,23.0,25.5
Edward,For All Mankind,0.8,False,0.3142857142857143,False,31.0,27.5
Edward,Fullmetal Alchemist,0.23776632979845064,False,0.8577486510443962,False,14.0,17.5
Edward,Patriot,0.9640859218395159,False,0.07491041803344624,False,33.0,29.5
Eleanor,Black Sails,0.021798322442770687,True,0.9914569104189701,False,17.0,52.0
Eleanor,The Good Place,0.09954492607410231,False,0.9506356760525876,False,39.0,52.0
Elena,My Brilliant Friend,0.5,False,0.6405918194923587,False,36.0,39.5
Elena,One Day at a Time,0.7622336702015493,False,0.36063834951457785,False,37.0,34.5
Eli,Lie to Me,0.05714285714285714,False,0.9714285714285714,False,15.0,61.5
Eli,The Righteous Gemstones,0.9428571428571428,False,0.11428571428571428,False,73.0,57.0
Elijah,The Originals,0.07678819827499188,False,0.9627690842912973,False,76.0,94.5
Elizabeth,Skins,0.2,False,0.8857142857142858,False,88.0,114.5
Elizabeth,The Americans,0.3142857142857143,False,0.8,False,115.0,123.0
Elizabeth,The Blacklist,0.3142857142857143,False,0.8,False,115.0,123.0
Elizabeth,The Crown,0.5714285714285714,False,0.5714285714285714,False,112.0,128.0
Ellen,Damages,0.8857142857142858,False,0.2,False,6.0,4.0
Ellie,Broadchurch,0.02857142857142857,True,1.0,False,37.0,85.5
Elliot,Gangs of London,0.6857142857142857,False,0.42857142857142855,False,47.0,44.5
Elliot,Mr. Robot,0.2,False,0.8857142857142858,False,43.0,51.5
Elora,Reservation Dogs,0.05420414999073258,False,0.9751270046392485,False,8.0,21.5
Elsa,Atypical,0.986887909325631,False,0.031984458495414425,True,9.0,5.0
Emerson,Pushing Daisies,0.05714285714285714,False,0.9714285714285714,False,19.0,40.5
Emily,Counterpart,1.0,False,0.02857142857142857,True,231.0,154.5
Emma,Boss,0.05714285714285714,False,0.9714285714285714,False,241.0,267.5
Emma,The Promised Neverland,1.0,False,0.02857142857142857,True,230.0,171.0
Emma,The Trip,0.024872995360751497,True,0.9897996272793145,False,241.0,267.0
Eric,Entourage,0.8137720650093152,False,0.29628013845832557,False,103.0,85.0
Eric,Friday Night Lights,0.9428571428571428,False,0.11428571428571428,False,89.0,69.0
Eric,House,0.8137720650093152,False,0.29628013845832557,False,103.0,85.0
Eric,Sex Education,1.0,False,0.02857142857142857,True,39.0,20.5
Eric,South Park,0.8577486510443962,False,0.23776632979845064,False,137.0,128.5
Eric,That '70s Show,0.8941008108471387,False,0.1862279349906848,False,134.0,119.0
Eric,The Eric Andre Show,1.0,False,0.02857142857142857,True,71.0,47.5
Eric,Wonderfalls,0.8137720650093152,False,0.29628013845832557,False,103.0,85.0
Erin,Derry Girls,1.0,False,0.02857142857142857,True,21.0,9.5
Ethan,Penny Dreadful,0.9714285714285714,False,0.05714285714285714,False,257.0,219.0
Eva,Hell on Wheels,0.02857142857142857,True,1.0,False,67.0,79.5
Eve,Killing Eve,0.5714285714285714,False,0.5714285714285714,False,19.0,19.0
Evie,Lovesick,0.07678819827499188,False,0.9627690842912973,False,8.0,14.0
Ezekiel,Supernatural,0.04936432394741246,True,0.9782016775572293,False,3.0,6.0
Ezekiel,The Get Down,0.07491041803344624,False,0.9640859218395159,False,24.0,33.5
Faith,Buffy the Vampire Slayer,0.02857142857142857,True,1.0,False,13.0,36.5
Fatima,Caliphate,0.8,False,0.3142857142857143,False,33.0,28.5
Felix,"Love, Victor",0.7089601740352489,False,0.42722253381476594,False,67.0,55.5
Fiona,Burn Notice,0.2,False,0.8857142857142858,False,12.0,20.5
Fiona,Shameless,0.8941008108471387,False,0.1862279349906848,False,24.0,21.0
Forrest,Review,0.024872995360751497,True,0.9897996272793145,False,2.0,7.5
Fox,Vinland Saga,0.9474037474399793,False,0.10380870557742289,False,7.0,5.5
Francis,House of Cards,0.024872995360751497,True,0.9897996272793145,False,9.0,15.5
Frank,F Is for Family,0.2,False,0.8857142857142858,False,10.0,12.5
Frank,Millennium,0.2293592793625111,False,0.8668100383287587,False,6.0,9.0
Frank,Monk,0.9903650331677201,False,0.02383905156801093,True,9.0,5.5
Frank,Shameless,0.36063834951457785,False,0.7622336702015493,False,13.0,14.5
Frank,True Detective,0.05714285714285714,False,0.9714285714285714,False,9.0,12.5
Frankie,Grace and Frankie,0.14225134895560376,False,0.9232118017250082,False,6.0,12.5
Frankie,The Deuce,0.1862279349906848,False,0.8941008108471387,False,13.0,19.0
Franklin,Snowfall,0.03460017720992414,True,0.9853909513076545,False,6.0,8.0
Gabriel,Call My Agent!,0.42857142857142855,False,0.6857142857142857,False,123.0,129.0
Garrett,House of Cards,0.7089601740352489,False,0.42722253381476594,False,13.0,11.0
Garrett,Last Chance U,0.9474037474399793,False,0.10380870557742289,False,12.0,9.0
Gary,SpongeBob SquarePants,1.0,False,0.02857142857142857,True,12.0,6.0
Gemma,Sons of Anarchy,0.02857142857142857,True,1.0,False,7.0,14.0
Geoffrey,Strangers with Candy,0.9903650331677201,False,0.02383905156801093,True,10.0,3.5
George,Horrible Histories,0.2,False,0.8857142857142858,False,24.0,35.5
George,Inspector George Gently,0.05420414999073258,False,0.9751270046392485,False,16.0,27.0
Georgia,Dead Like Me,0.04936432394741246,True,0.9782016775572293,False,27.0,35.0
Gillian,Lie to Me,0.9004550739258976,False,0.1795060268932147,False,10.0,7.0
Gloria,Modern Family,0.7037198615416744,False,0.4292136451302009,False,6.0,4.0
Gordon,Halt and Catch Fire,0.10589918915286134,False,0.9457958500092675,False,7.0,9.0
Grace,Bosch,0.11428571428571428,False,0.9428571428571428,False,123.0,134.5
Grace,Grace and Frankie,0.3142857142857143,False,0.8,False,132.0,127.5
Grant,Travelers,0.23776632979845064,False,0.8577486510443962,False,8.0,10.0
Gregory,Abbott Elementary,0.57209521236897,False,0.57209521236897,False,4.0,4.5
Gregory,House,0.8599563945942512,False,0.23573716242564502,False,13.0,10.0
Gwen,The Spectacular Spider-Man,0.35940818050764134,False,0.764262837574355,False,3.0,4.0
Hailey,Mozart in the Jungle,0.5714285714285714,False,0.5714285714285714,False,106.0,108.5
Hannah,Derek,0.02857142857142857,True,1.0,False,125.0,136.5
Harley,Harley Quinn,0.9751270046392485,False,0.05420414999073258,False,20.0,11.5
Harry,Bosch,0.09954492607410231,False,0.9506356760525876,False,4.0,7.0
Harry,Resident Alien,0.9428571428571428,False,0.11428571428571428,False,9.0,4.5
Heather,Life in Pieces,0.8577486510443962,False,0.23776632979845064,False,6.0,4.0
Henrik,Exit,0.42857142857142855,False,0.6857142857142857,False,14.0,15.5
Henry,Forever,0.02857142857142857,True,1.0,False,93.0,122.5
Henry,Longmire,0.02857142857142857,True,1.0,False,53.0,103.0
Henry,Party Down,0.05714285714285714,False,0.9714285714285714,False,40.0,72.0
Henry,The Americans,0.02857142857142857,True,1.0,False,91.0,114.5
Henry,The Tudors,0.02857142857142857,True,1.0,False,20.0,43.5
Himmat,Special OPS,0.3142857142857143,False,0.8,False,6.0,7.0
Holden,Mindhunter,0.5714285714285714,False,0.5714285714285714,False,24.0,25.0
Hudson,Sherlock,0.10589918915286134,False,0.9457958500092675,False,101.0,116.5
Ian,Mayor of Kingstown,0.5727774661852341,False,0.5727774661852341,False,24.0,24.0
Ismail,Leyla and Mecnun,0.5714285714285714,False,0.5714285714285714,False,4.0,4.0
Jack,24,0.05714285714285714,False,0.9714285714285714,False,73.0,96.0
Jack,Father Ted,0.02857142857142857,True,1.0,False,18.0,39.0
Jack,Heels,0.8577486510443962,False,0.23776632979845064,False,170.0,160.0
Jack,Samurai Jack,0.05714285714285714,False,0.9714285714285714,False,73.0,96.0
Jack,Stargate SG-1,0.02857142857142857,True,1.0,False,29.0,62.0
Jack,Still Game,0.11428571428571428,False,0.9428571428571428,False,82.0,99.0
Jack,The Good Guys,0.8,False,0.3142857142857143,False,181.0,165.0
Jack,This Is Us,0.5,False,0.6393616504854222,False,178.0,193.0
Jack,Tom Clancy's Jack Ryan,0.5714285714285714,False,0.5714285714285714,False,189.0,184.0
Jackie,That '70s Show,0.710798493251942,False,0.4265205380856565,False,4.0,5.0
Jackson,Sons of Anarchy,0.14225134895560376,False,0.9232118017250082,False,105.0,122.0
Jake,Adventure Time,0.7054227672749709,False,0.42856820779615,False,61.0,58.5
Jake,Brooklyn Nine-Nine,0.3142857142857143,False,0.8,False,58.0,61.5
Jake,In Living Color,0.024872995360751497,True,0.9897996272793145,False,13.0,32.0
James,All Creatures Great and Small,1.0,False,0.02857142857142857,True,157.0,136.0
James,House,0.2,False,0.8857142857142858,False,125.0,132.5
James,In Living Color,0.9232118017250082,False,0.14225134895560376,False,259.0,234.5
James,Inspector Lewis,0.3142857142857143,False,0.8,False,126.0,138.0
James,Lost,0.2,False,0.8857142857142858,False,125.0,132.5
James,Power,0.23776632979845064,False,0.8577486510443962,False,157.0,166.0
James,Queen of the South,0.6393616504854222,False,0.5,False,157.0,158.0
James,Taboo,0.9428571428571428,False,0.11428571428571428,False,175.0,153.5
James,The End of the F***ing World,0.9428571428571428,False,0.11428571428571428,False,175.0,153.5
James,The Wire,0.5714285714285714,False,0.5714285714285714,False,127.0,125.5
James,Tom Clancy's Jack Ryan,0.9714285714285714,False,0.05714285714285714,False,175.0,142.0
Jamie,Outlander,0.11428571428571428,False,0.9428571428571428,False,14.0,21.5
Jane,Big Little Lies,0.07491041803344624,False,0.9640859218395159,False,14.0,20.5
Jane,Coupling,0.42722253381476594,False,0.7089601740352489,False,8.0,9.5
Jane,Cracker,0.42722253381476594,False,0.7089601740352489,False,6.0,8.0
Jane,Daria,0.1840327531527423,False,0.8961912944225772,False,6.0,8.5
Jane,Good Girls Revolt,0.6393616504854222,False,0.5,False,17.0,16.0
Jane,Louie,0.4292136451302009,False,0.7037198615416744,False,15.0,16.0
Jane,Stranger Things,0.14004360540574873,False,0.9250895819665538,False,17.0,20.5
Jane,The Comeback,0.024872995360751497,True,0.9897996272793145,False,8.0,13.5
Jane,Toast of London,0.14225134895560376,False,0.9232118017250082,False,14.0,16.5
Jason,Trying,0.983843544378378,False,0.03723091570870274,True,38.0,29.0
Jay,Modern Family,0.4292136451302009,False,0.7037198615416744,False,7.0,10.0
Jay,The Good Fight,0.02857142857142857,True,1.0,False,7.0,12.5
Jay,The Inbetweeners,0.5707863548697991,False,0.5707863548697991,False,7.0,10.0
Jayce,Arcane,0.8137720650093152,False,0.29628013845832557,False,20.0,20.0
Jennifer,Criminal Minds,0.983843544378378,False,0.03723091570870274,True,51.0,25.0
Jennifer,The Sopranos,0.9897996272793145,False,0.024872995360751497,True,103.0,52.0
Jenny,The Black Donnellys,0.9506356760525876,False,0.09954492607410231,False,10.0,6.0
Jeremy,Peep Show,0.8857142857142858,False,0.2,False,52.0,44.5
Jerry,Parks and Recreation,0.8668100383287587,False,0.2293592793625111,False,6.0,5.5
Jerry,Shameless,0.9627690842912973,False,0.07678819827499188,False,6.0,3.5
Jesse,Breaking Bad,0.9232118017250082,False,0.14225134895560376,False,83.0,76.5
Jesse,The Righteous Gemstones,0.9714285714285714,False,0.05714285714285714,False,38.0,26.5
Jessica,Vagabond,0.9428571428571428,False,0.11428571428571428,False,33.0,19.0
Jimmy,Bob's Burgers,0.9308188290598747,False,0.13318996167124125,False,6.0,4.5
Jimmy,NewsRadio,0.9004550739258976,False,0.1795060268932147,False,8.0,7.0
Jimmy,Offspring,0.8668100383287587,False,0.2293592793625111,False,6.0,4.5
Jimmy,Raising Hope,0.8668100383287587,False,0.2293592793625111,False,6.0,4.5
Jimmy,The Black Donnellys,0.9903650331677201,False,0.02383905156801093,True,7.0,5.5
Jocelyn,Person of Interest,0.36063834951457785,False,0.7622336702015493,False,16.0,17.0
Joe,Castle,0.6393616504854222,False,0.5,False,6.0,4.5
Joe,Chicago Fire,0.5,False,0.6444872964606356,False,6.0,6.0
Joe,Halt and Catch Fire,0.7663391711558842,False,0.3581448752704214,False,6.0,4.5
Joel,Northern Exposure,0.9428571428571428,False,0.11428571428571428,False,110.0,97.5
Joel,The Marvelous Mrs. Maisel,1.0,False,0.02857142857142857,True,28.0,14.0
John,Farscape,0.9428571428571428,False,0.11428571428571428,False,95.0,78.5
John,Homicide: Life on the Street,1.0,False,0.02857142857142857,True,144.0,109.5
John,Inspector George Gently,0.2,False,0.8857142857142858,False,75.0,83.5
John,Luther,0.8857142857142858,False,0.2,False,86.0,78.0
John,Miss Fisher's Murder Mysteries,0.5714285714285714,False,0.5714285714285714,False,84.0,88.5
John,Patriot,0.2,False,0.8857142857142858,False,75.0,94.5
John,Person of Interest,0.8,False,0.3142857142857143,False,86.0,79.5
John,Please Like Me,0.2,False,0.8857142857142858,False,81.0,100.0
John,Scrubs,0.9428571428571428,False,0.11428571428571428,False,95.0,76.0
John,Sherlock,0.8857142857142858,False,0.2,False,86.0,78.0
John,Southland,0.3142857142857143,False,0.8,False,77.0,82.5
John,Stargate: Atlantis,0.7622336702015493,False,0.36063834951457785,False,77.0,74.0
John,TURN: Washington's Spies,0.02857142857142857,True,1.0,False,75.0,100.0
John,The Knick,0.02857142857142857,True,1.0,False,75.0,100.0
John,The Rookie,1.0,False,0.02857142857142857,True,98.0,79.5
John,Third Watch,0.9428571428571428,False,0.11428571428571428,False,95.0,78.5
John,Yellowstone,1.0,False,0.02857142857142857,True,98.0,79.5
Johnny,Cobra Kai,0.9903650331677201,False,0.02383905156801093,True,10.0,7.5
Johnny,Entourage,0.7037198615416744,False,0.4292136451302009,False,6.0,6.0
Johnny,Schitt's Creek,0.8137720650093152,False,0.29628013845832557,False,12.0,10.0
Jonas,Dark,0.9640859218395159,False,0.07491041803344624,False,16.0,10.0
Jonas,The Unit,0.07491041803344624,False,0.9640859218395159,False,18.0,27.0
Jonathan,Jonathan Creek,0.983843544378378,False,0.03723091570870274,True,114.0,94.0
Jonathan,The Night Manager,0.9428571428571428,False,0.11428571428571428,False,57.0,39.5
Jordan,Studio 60 on the Sunset Strip,1.0,False,0.02857142857142857,True,193.0,121.5
Josephine,River Monsters,0.6405918194923587,False,0.5,False,15.0,13.0
Josh,Mr. Show with Bob and David,0.3142857142857143,False,0.8,False,7.0,9.0
Josh,Please Like Me,0.9763895479982114,False,0.061372341162960455,False,9.0,8.0
Josiah,The West Wing,0.23776632979845064,False,0.8577486510443962,False,14.0,18.0
Jude,The Kominsky Method,0.7037198615416744,False,0.4292136451302009,False,47.0,46.5
Judy,Dead to Me,0.7089601740352489,False,0.42722253381476594,False,10.0,7.5
Jules,Brockmire,0.9640859218395159,False,0.07491041803344624,False,6.0,2.5
Jules,High Maintenance,0.8159672468472576,False,0.2945772327250291,False,4.0,4.0
Julia,Sneaky Pete,0.7054227672749709,False,0.42856820779615,False,67.0,64.5
Julian,Ghosts,0.2,False,0.8857142857142858,False,29.0,31.5
Julian,Trailer Park Boys,0.024872995360751497,True,0.9897996272793145,False,19.0,26.0
Julie,Julie and the Phantoms,1.0,False,0.02857142857142857,True,11.0,7.0
Julien,The Missing,0.2293592793625111,False,0.8668100383287587,False,6.0,7.0
Julien,The Shield,0.2945772327250291,False,0.8159672468472576,False,5.0,8.0
June,The Handmaid's Tale,0.0525962525600207,False,0.9761609484319891,False,10.0,18.0
Justin,Queer as Folk,1.0,False,0.02857142857142857,True,208.0,172.5
Kabir,Breathe,0.1862279349906848,False,0.8941008108471387,False,10.0,20.0
Karen,Californication,0.9897996272793145,False,0.024872995360751497,True,15.0,7.5
Karen,Outnumbered,0.9897996272793145,False,0.024872995360751497,True,15.0,7.5
Karen,Shameless,0.11428571428571428,False,0.9428571428571428,False,9.0,14.5
Karl,Why Women Kill,0.1862279349906848,False,0.8941008108471387,False,2.0,4.5
Kate,Castle,0.9627690842912973,False,0.07678819827499188,False,67.0,51.5
Kate,Line of Duty,0.7622336702015493,False,0.36063834951457785,False,51.0,47.5
Katherine,Ghosts,0.9627690842912973,False,0.07678819827499188,False,26.0,15.5
Katie,Journeyman,0.5,False,0.6393616504854222,False,49.0,47.5
Katie,Terriers,1.0,False,0.02857142857142857,True,50.0,30.5
Keith,Veronica Mars,0.8599563945942512,False,0.23573716242564502,False,10.0,9.0
Kelly,Ash vs Evil Dead,0.3581448752704214,False,0.7663391711558842,False,6.0,6.5
Kelly,Chicago Fire,0.9897996272793145,False,0.024872995360751497,True,13.0,5.5
Kevin,The Leftovers,0.8857142857142858,False,0.2,False,31.0,25.5
Kyle,Party Down,0.9751270046392485,False,0.05420414999073258,False,69.0,53.5
Kylie,Harley Quinn,0.9846232193703628,False,0.03591407816048411,True,29.0,22.0
Lance,Detectorists,0.7622336702015493,False,0.36063834951457785,False,9.0,6.0
Lance,Voltron: Legendary Defender,0.5,False,0.6393616504854222,False,7.0,7.5
Lane,Gilmore Girls,0.9897996272793145,False,0.024872995360751497,True,37.0,20.0
Larry,The Larry Sanders Show,0.57143179220385,False,0.57143179220385,False,4.0,4.5
Laura,Battlestar Galactica,0.9903650331677201,False,0.02383905156801093,True,35.0,27.0
Laura,Lark Rise to Candleford,0.8599563945942512,False,0.23573716242564502,False,27.0,22.0
Laura,Twin Peaks,0.7622336702015493,False,0.36063834951457785,False,21.0,18.5
Laurel,BrainDead,0.8,False,0.3142857142857143,False,5.0,4.0
Lauren,New Amsterdam,0.9897996272793145,False,0.024872995360751497,True,35.0,26.0
Lawrence,Insecure,0.9792068293839069,False,0.04774161604877365,True,8.0,5.5
Lawrence,The Durrells,0.9792068293839069,False,0.04774161604877365,True,8.0,5.5
Leanne,Code Black,0.04936432394741246,True,0.9782016775572293,False,6.0,7.5
Lee,Hospital Playlist,0.764262837574355,False,0.35940818050764134,False,6.0,4.0
Lee,True Beauty,0.764262837574355,False,0.35940818050764134,False,6.0,4.0
Lena,The Fosters,0.3581448752704214,False,0.7663391711558842,False,21.0,22.5
Lilly,Louie,0.1840327531527423,False,0.8961912944225772,False,26.0,30.0
Lincoln,Broad City,0.05714285714285714,False,0.9714285714285714,False,95.0,168.0
Lincoln,Prison Break,0.05420414999073258,False,0.9751270046392485,False,7.0,40.0
Linda,American Crime Story,0.9004550739258976,False,0.1795060268932147,False,6.0,5.5
Linda,Better Off Ted,0.587251044647684,False,0.587251044647684,False,7.0,7.0
Lindsay,Arrested Development,0.9846232193703628,False,0.03591407816048411,True,17.0,13.5
Lindsay,Freaks and Geeks,0.9903650331677201,False,0.02383905156801093,True,28.0,17.0
Lisa,Kingdom,0.57143179220385,False,0.57143179220385,False,13.0,13.0
Livia,Journeyman,0.03591407816048411,True,0.9846232193703628,False,4.0,10.0
Logan,Succession,0.9714285714285714,False,0.05714285714285714,False,202.0,144.0
Logan,Veronica Mars,0.11428571428571428,False,0.9428571428571428,False,196.0,238.0
Logan,Wolverine and the X-Men,0.5714285714285714,False,0.5714285714285714,False,243.0,238.5
Louis,Get Shorty,0.6393616504854222,False,0.5,False,16.0,16.5
Lucas,Banshee,0.29628013845832557,False,0.8137720650093152,False,224.0,232.5
Lucas,Forever,0.6857142857142857,False,0.42857142857142855,False,224.0,217.0
Luke,BrainDead,0.9428571428571428,False,0.11428571428571428,False,141.0,118.0
Luke,Julie and the Phantoms,1.0,False,0.02857142857142857,True,112.0,95.0
Luke,Lovesick,0.05714285714285714,False,0.9714285714285714,False,118.0,136.5
Mackenzie,The Newsroom,0.4292136451302009,False,0.7037198615416744,False,76.0,79.5
Madeline,Big Little Lies,0.9457958500092675,False,0.10589918915286134,False,40.0,24.0
Maggie,Extras,0.07678819827499188,False,0.9627690842912973,False,13.0,17.5
Maggie,Paranormal,0.5714285714285714,False,0.5714285714285714,False,10.0,12.5
Maksim,The Kitchen,0.7823603283909288,False,0.34823324285588814,False,5.0,4.5
Malcolm,Firefly,0.2910398259647511,False,0.8204939731067853,False,8.0,9.0
Malcolm,Malcolm in the Middle,0.10589918915286134,False,0.9457958500092675,False,7.0,12.5
Malcolm,Penny Dreadful,0.6393616504854222,False,0.5,False,24.0,23.0
Malcolm,The Thick of It,0.09954492607410231,False,0.9506356760525876,False,9.0,18.5
Marco,Marco Polo,0.7037198615416744,False,0.4292136451302009,False,12.0,11.0
Marco,Star vs. the Forces of Evil,0.9232118017250082,False,0.14225134895560376,False,12.0,10.5
Marco,The Mechanism,0.7054227672749709,False,0.42856820779615,False,11.0,10.5
Marcus,Hacks,0.9897996272793145,False,0.024872995360751497,True,46.0,43.5
Marcus,The Good Doctor,0.9897996272793145,False,0.024872995360751497,True,69.0,48.5
Margaret,Boardwalk Empire,0.23776632979845064,False,0.8577486510443962,False,13.0,15.0
Marissa,The Good Fight,0.7848886544339044,False,0.3466409087522405,False,7.0,4.0
Mark,Cracker,1.0,False,0.02857142857142857,True,156.0,96.0
Mark,Invincible,0.4292136451302009,False,0.7037198615416744,False,27.0,26.0
Mark,Peep Show,0.8599563945942512,False,0.23573716242564502,False,44.0,33.0
Mark,The Comeback,0.6405918194923587,False,0.5,False,32.0,29.5
Mark,Time,0.4292136451302009,False,0.7037198615416744,False,27.0,26.0
Mark,Ugly Americans,0.5,False,0.6393616504854222,False,26.0,24.5
Mark,Vera,0.2,False,0.8857142857142858,False,23.0,30.0
Marshall,"Eerie, Indiana",0.5714285714285714,False,0.5714285714285714,False,13.0,11.5
Marshall,How I Met Your Mother,0.9846232193703628,False,0.03591407816048411,True,18.0,14.0
Martha,Silk,0.7126859647052084,False,0.4257978296564179,False,13.0,12.5
Martin,Doc Martin,0.764262837574355,False,0.35940818050764134,False,13.0,12.0
Martin,Friday Night Dinner,0.23776632979845064,False,0.8577486510443962,False,14.0,21.0
Martin,Luther,0.5727774661852341,False,0.5727774661852341,False,14.0,15.5
Martin,Moone Boy,0.024872995360751497,True,0.9897996272793145,False,11.0,21.0
Martin,Ozark,0.6857142857142857,False,0.42857142857142855,False,19.0,19.0
Martin,Undercover,0.23776632979845064,False,0.8577486510443962,False,14.0,21.0
Mary,Derry Girls,0.8857142857142858,False,0.2,False,31.0,24.5
Mason,Dead Like Me,0.2,False,0.8857142857142858,False,85.0,91.5
Mathias,Call My Agent!,0.04936432394741246,True,0.9782016775572293,False,7.0,9.0
Matt,Friday Night Lights,0.5742021703435821,False,0.5742021703435821,False,5.0,5.0
Matt,Studio 60 on the Sunset Strip,0.5742021703435821,False,0.5742021703435821,False,5.0,5.0
Matthew,NewsRadio,0.9714285714285714,False,0.05714285714285714,False,432.0,363.0
Max,Black Sails,0.1862279349906848,False,0.8941008108471387,False,66.0,80.0
Max,New Amsterdam,1.0,False,0.02857142857142857,True,80.0,52.0
Max,United States of Tara,0.02857142857142857,True,1.0,False,44.0,64.5
Max,Zoey's Extraordinary Playlist,0.9897996272793145,False,0.024872995360751497,True,57.0,43.0
Maya,PEN15,0.9714285714285714,False,0.05714285714285714,False,81.0,72.0
Mia,"Love, Victor",0.9714285714285714,False,0.05714285714285714,False,111.0,89.0
Michael,Arrested Development,1.0,False,0.02857142857142857,True,164.0,126.0
Michael,Burn Notice,0.9714285714285714,False,0.05714285714285714,False,128.0,106.5
Michael,I'm Alan Partridge,0.9714285714285714,False,0.05714285714285714,False,304.0,199.0
Michael,Lucifer,0.9714285714285714,False,0.05714285714285714,False,113.0,90.5
Michael,Prison Break,0.9428571428571428,False,0.11428571428571428,False,128.0,112.0
Michael,Queer as Folk,0.9714285714285714,False,0.05714285714285714,False,230.0,170.5
Michael,Staged,0.9627690842912973,False,0.07678819827499188,False,84.0,73.5
Michael,Strike Back,0.5707863548697991,False,0.5707863548697991,False,105.0,104.5
Michael,The Office,0.9428571428571428,False,0.11428571428571428,False,128.0,112.0
Miles,Get Shorty,0.02857142857142857,True,1.0,False,30.0,41.5
Miranda,Miranda,0.09737108641979586,False,0.9522583839512263,False,11.0,14.0
Miriam,The Marvelous Mrs. Maisel,0.29628013845832557,False,0.8137720650093152,False,5.0,10.0
Molly,Insecure,1.0,False,0.02857142857142857,True,43.0,24.5
Molly,The Unit,0.07678819827499188,False,0.9627690842912973,False,20.0,33.5
Monica,Friends,0.1795060268932147,False,0.9004550739258976,False,21.0,24.0
Monroe,Barry,0.2928310795229547,False,0.8182073942065156,False,9.0,10.0
Morgan,Chuck,1.0,False,0.02857142857142857,True,100.0,78.5
Morgan,Gargoyles,0.02857142857142857,True,1.0,False,112.0,147.0
Naomi,The Expanse,0.6857142857142857,False,0.42857142857142855,False,48.0,44.5
Nate,Euphoria,0.8941008108471387,False,0.1862279349906848,False,22.0,16.0
Nate,How to Get Away with Murder,0.8577486510443962,False,0.23776632979845064,False,26.0,23.5
Nate,Six Feet Under,0.07678819827499188,False,0.9627690842912973,False,2.0,6.0
Nathan,Nathan for You,0.9428571428571428,False,0.11428571428571428,False,184.0,164.5
Nathan,Queer as Folk,0.42856820779615,False,0.7054227672749709,False,148.0,149.0
Neil,The Inbetweeners,0.5,False,0.6444872964606356,False,8.0,7.5
Nelson,Silicon Valley,0.5,False,0.6405918194923587,False,4.0,5.0
Nicholas,Homeland,0.9714285714285714,False,0.05714285714285714,False,118.0,87.0
Nick,Happy!,0.9490172332079349,False,0.1016907127403705,False,6.0,4.0
Nicole,Rake,0.9457958500092675,False,0.10589918915286134,False,40.0,30.0
Nina,Offspring,0.23573716242564502,False,0.8599563945942512,False,11.0,14.0
Nina,The Restaurant,0.8137720650093152,False,0.29628013845832557,False,21.0,15.0
Oliver,The Thick of It,0.02857142857142857,True,1.0,False,20.0,54.5
Olivia,Fringe,0.02857142857142857,True,1.0,False,174.0,252.0
Olivia,Law & Order: Special Victims Unit,0.02857142857142857,True,1.0,False,61.0,108.5
Otis,Sex Education,0.289201506748058,False,0.8228285105183417,False,4.0,5.0
Parker,Leverage: Redemption,0.9428571428571428,False,0.11428571428571428,False,102.0,85.0
Patrick,Looking,0.57143179220385,False,0.57143179220385,False,30.0,28.0
Patrick,The Mentalist,0.6857142857142857,False,0.42857142857142855,False,28.0,28.0
Paul,In Treatment,0.9897996272793145,False,0.024872995360751497,True,29.0,20.0
Paul,The Big C,0.9914569104189701,False,0.021798322442770687,True,24.0,18.0
Paul,The Fall,0.1795060268932147,False,0.9004550739258976,False,18.0,21.5
Penelope,One Day at a Time,0.6393616504854222,False,0.5,False,58.0,55.0
Penny,Miranda,0.02281389449156969,True,0.990917617216071,False,1.0,7.0
Peter,American Vandal,0.764262837574355,False,0.35940818050764134,False,36.0,35.0
Peter,Counterpart,0.764262837574355,False,0.35940818050764134,False,36.0,35.0
Peter,Family Guy,0.9714285714285714,False,0.05714285714285714,False,51.0,38.5
Peter,Millennium,1.0,False,0.02857142857142857,True,73.0,50.0
Peter,The Good Wife,0.9714285714285714,False,0.05714285714285714,False,42.0,37.5
Peter,The Spectacular Spider-Man,0.8857142857142858,False,0.2,False,42.0,38.5
Peter,White Collar,0.9714285714285714,False,0.05714285714285714,False,42.0,37.5
Philip,Futurama,0.7706407206374889,False,0.3555127035393643,False,15.0,12.0
Philip,The Americans,0.1840327531527423,False,0.8961912944225772,False,7.0,11.0
Piper,Orange Is the New Black,0.02857142857142857,True,1.0,False,41.0,72.0
Quinn,Daria,0.05714285714285714,False,0.9714285714285714,False,30.0,40.0
Rachel,Friends,0.2,False,0.8857142857142858,False,105.0,132.0
Rachel,Scott & Bailey,0.9714285714285714,False,0.05714285714285714,False,69.0,49.0
Rachel,Suits,0.9714285714285714,False,0.05714285714285714,False,69.0,49.0
Randy,Courage the Cowardly Dog,0.9897996272793145,False,0.024872995360751497,True,18.0,10.0
Randy,Monk,0.9250895819665538,False,0.14004360540574873,False,12.0,7.0
Randy,South Park,0.9897996272793145,False,0.024872995360751497,True,25.0,12.5
Raymond,The Blacklist,0.2945772327250291,False,0.8159672468472576,False,11.0,12.5
Rebecca,Ted Lasso,1.0,False,0.02857142857142857,True,34.0,17.5
Rebecca,This Is Us,0.9428571428571428,False,0.11428571428571428,False,44.0,35.0
Rebekah,The Originals,0.2,False,0.8857142857142858,False,9.0,12.0
Reece,Inside No. 9,0.9474037474399793,False,0.10380870557742289,False,16.0,12.0
Richard,Castle,0.8577486510443962,False,0.23776632979845064,False,22.0,17.0
Richard,Galavant,0.8137720650093152,False,0.29628013845832557,False,20.0,19.0
Richard,Silicon Valley,0.5714285714285714,False,0.5714285714285714,False,17.0,19.5
Richard,The Amazing World of Gumball,0.6857142857142857,False,0.42857142857142855,False,18.0,18.5
Ricky,Trailer Park Boys,0.7126859647052084,False,0.4257978296564179,False,6.0,5.5
Riley,The Boondocks,0.07678819827499188,False,0.9627690842912973,False,146.0,169.5
Robert,Downton Abbey,0.42857142857142855,False,0.6857142857142857,False,44.0,48.5
Robert,Inspector Lewis,1.0,False,0.02857142857142857,True,63.0,45.0
Robert,Sons of Anarchy,0.9714285714285714,False,0.05714285714285714,False,55.0,42.5
Robert,The Boondocks,0.9897996272793145,False,0.024872995360751497,True,66.0,50.5
Robin,How I Met Your Mother,0.7706407206374889,False,0.3555127035393643,False,9.0,8.0
Roman,Succession,0.9232118017250082,False,0.14225134895560376,False,45.0,40.5
Rory,Boy Meets World,0.8961912944225772,False,0.1840327531527423,False,14.0,11.5
Rory,Gilmore Girls,0.23776632979845064,False,0.8577486510443962,False,7.0,11.0
Rose,Kings,0.14225134895560376,False,0.9232118017250082,False,11.0,15.0
Ruth,GLOW,0.8941008108471387,False,0.1862279349906848,False,19.0,14.5
Ruth,Six Feet Under,0.34823324285588814,False,0.7823603283909288,False,4.0,4.5
Ryan,Kingdom,0.9761609484319891,False,0.0525962525600207,False,136.0,115.0
Sam,American Vandal,0.9627690842912973,False,0.07678819827499188,False,22.0,13.5
Sam,Atypical,0.9627690842912973,False,0.07678819827499188,False,22.0,13.5
Sam,Burn Notice,0.2,False,0.8857142857142858,False,13.0,20.5
Sam,Foyle's War,0.11428571428571428,False,0.9428571428571428,False,10.0,14.0
Sam,Freaks and Geeks,0.23776632979845064,False,0.8577486510443962,False,5.0,9.5
Sam,GLOW,0.9627690842912973,False,0.07678819827499188,False,22.0,13.5
Sam,Life on Mars,0.8,False,0.3142857142857143,False,15.0,13.0
Sam,Supernatural,0.8577486510443962,False,0.23776632979845064,False,15.0,12.5
Sam,The West Wing,0.23776632979845064,False,0.8577486510443962,False,5.0,9.5
Samantha,Foyle's War,1.0,False,0.02857142857142857,True,155.0,123.0
Samantha,Heartland,0.8857142857142858,False,0.2,False,125.0,111.0
Sarah,A Place to Call Home,1.0,False,0.02857142857142857,True,114.0,97.0
Sarah,Chuck,0.8,False,0.3142857142857143,False,194.0,172.5
Sarah,Orphan Black,1.0,False,0.02857142857142857,True,114.0,97.0
Sarah,Parenthood,1.0,False,0.02857142857142857,True,188.0,113.5
Sarah,The Killing,1.0,False,0.02857142857142857,True,157.0,102.5
Sean,Moone Boy,0.8,False,0.3142857142857143,False,27.0,26.0
Sean,Rescue Me,0.5,False,0.6393616504854222,False,53.0,49.0
Selina,Veep,0.14225134895560376,False,0.9232118017250082,False,5.0,8.0
Serena,The Handmaid's Tale,0.9714285714285714,False,0.05714285714285714,False,23.0,17.0
Seth,Deadwood,0.3142857142857143,False,0.8,False,85.0,87.0
Shaun,Shaun the Sheep,0.9782016775572293,False,0.04936432394741246,True,10.0,8.5
Shaun,The Good Doctor,0.764262837574355,False,0.35940818050764134,False,4.0,4.0
Shawn,Psych,0.8182073942065156,False,0.2928310795229547,False,19.0,18.0
Sheldon,The Big Bang Theory,0.36063834951457785,False,0.7622336702015493,False,13.0,12.5
Shelly,Twin Peaks,0.9522583839512263,False,0.09737108641979586,False,7.0,5.0
Silas,Kings,0.024872995360751497,True,0.9897996272793145,False,15.0,28.0
Simon,"Eerie, Indiana",0.764262837574355,False,0.35940818050764134,False,25.0,23.5
Simon,Gurren Lagann,0.3142857142857143,False,0.8,False,32.0,34.5
Simon,Misfits,0.42857142857142855,False,0.6857142857142857,False,35.0,36.5
Simon,Young Royals,0.3142857142857143,False,0.8,False,30.0,34.0
Simone,Why Women Kill,0.8352786119286905,False,0.2792260786415779,False,6.0,6.0
Skyler,Breaking Bad,0.5707863548697991,False,0.5707863548697991,False,20.0,20.5
Sophie,Leverage: Redemption,0.57143179220385,False,0.57143179220385,False,98.0,84.0
Spencer,Criminal Minds,0.6857142857142857,False,0.42857142857142855,False,56.0,53.5
Stella,Godfather of Harlem,0.5714285714285714,False,0.5714285714285714,False,62.0,59.0
Stephen,Babylon 5,1.0,False,0.02857142857142857,True,107.0,62.0
Stephen,The Killing,0.6393616504854222,False,0.5,False,13.0,13.0
Sterling,Archer,0.2293592793625111,False,0.8668100383287587,False,6.0,6.5
Steven,Steven Universe,0.5,False,0.6393616504854222,False,16.0,16.0
Steven,Toast of London,0.8,False,0.3142857142857143,False,20.0,15.5
Stuart,Queer as Folk,0.9232118017250082,False,0.14225134895560376,False,12.0,5.5
Susan,Coupling,0.8577486510443962,False,0.23776632979845064,False,11.0,5.0
Tara,Made in Heaven,0.5,False,0.6393616504854222,False,5.0,5.5
Tara,United States of Tara,0.8577486510443962,False,0.23776632979845064,False,9.0,8.0
Teresa,Queen of the South,0.7037198615416744,False,0.4292136451302009,False,5.0,5.0
Teresa,The Mentalist,0.8159672468472576,False,0.2945772327250291,False,7.0,5.5
Terry,Batman Beyond,0.8857142857142858,False,0.2,False,6.0,4.0
Thomas,Batman: The Animated Series,1.0,False,0.02857142857142857,True,152.0,126.0
Thomas,Ghosts,1.0,False,0.02857142857142857,True,115.0,96.0
Thomas,Hell on Wheels,0.36063834951457785,False,0.7622336702015493,False,94.0,99.5
Thomas,Murdoch Mysteries,0.9714285714285714,False,0.05714285714285714,False,115.0,91.0
Thomas,Peaky Blinders,0.024872995360751497,True,0.9897996272793145,False,88.0,115.0
Tiffany,Orange Is the New Black,0.6405918194923587,False,0.5,False,13.0,11.5
Titus,Rome,0.10380870557742289,False,0.9474037474399793,False,5.0,7.5
Tommy,Happy Valley,0.7089601740352489,False,0.42722253381476594,False,6.0,4.5
Tommy,Rescue Me,0.8,False,0.3142857142857143,False,9.0,6.5
Tommy,The Black Donnellys,0.7089601740352489,False,0.42722253381476594,False,7.0,6.5
Tony,24,0.7663391711558842,False,0.3581448752704214,False,7.0,6.5
Tony,After Life,0.9004550739258976,False,0.1795060268932147,False,7.0,5.0
Tony,Skins,0.42856820779615,False,0.7054227672749709,False,9.0,10.0
Tony,The Missing,0.8182073942065156,False,0.2928310795229547,False,9.0,8.0
Tony,The Sopranos,0.9792068293839069,False,0.04774161604877365,True,10.0,7.0
Trevor,Castlevania,0.710798493251942,False,0.4265205380856565,False,7.0,6.0
Trey,Shaman King,0.23776632979845064,False,0.8577486510443962,False,21.0,23.5
Tyrone,Third Watch,0.5,False,0.6405918194923587,False,6.0,10.5
Valerie,The Comeback,0.9627690842912973,False,0.07678819827499188,False,9.0,4.0
Vanessa,Penny Dreadful,1.0,False,0.02857142857142857,True,29.0,17.5
Vera,Vera,0.05714285714285714,False,0.9714285714285714,False,3.0,11.0
Vera,Wentworth,0.024872995360751497,True,0.9897996272793145,False,4.0,13.0
Veronica,Better Off Ted,0.8577486510443962,False,0.23776632979845064,False,16.0,15.0
Veronica,Veronica Mars,0.02383905156801093,True,0.9903650331677201,False,11.0,17.0
Victor,"Love, Victor",1.0,False,0.02857142857142857,True,19.0,11.0
Victor,Still Game,0.4292136451302009,False,0.7037198615416744,False,12.0,13.0
Victoria,Longmire,0.7037198615416744,False,0.4292136451302009,False,91.0,87.0
Victoria,Victoria,0.6857142857142857,False,0.42857142857142855,False,87.0,83.0
Viktor,The Kitchen,0.5742021703435821,False,0.5742021703435821,False,5.0,5.0
Vincent,Entourage,0.024872995360751497,True,0.9897996272793145,False,17.0,28.0
Vincent,The Deuce,0.9714285714285714,False,0.05714285714285714,False,40.0,28.5
Violet,Vicious,0.02857142857142857,True,1.0,False,51.0,80.0
Vivienne,No Offence,0.07491041803344624,False,0.9640859218395159,False,8.0,12.0
Walter,Breaking Bad,0.5,False,0.6393616504854222,False,4.0,4.5
Will,Hannibal,0.9162711041967236,False,0.16206329387880958,False,9.0,7.0
Will,The Good Wife,0.764262837574355,False,0.35940818050764134,False,11.0,8.0
Will,The Inbetweeners,0.35940818050764134,False,0.764262837574355,False,10.0,9.0
Will,The Newsroom,0.5781655252240169,False,0.5781655252240169,False,7.0,8.0
Will,Wentworth,0.9162711041967236,False,0.16206329387880958,False,9.0,7.0
William,Battlestar Galactica,0.23776632979845064,False,0.8577486510443962,False,159.0,170.0
William,Fringe,0.11428571428571428,False,0.9428571428571428,False,179.0,192.0
William,Murdoch Mysteries,0.11428571428571428,False,0.9428571428571428,False,179.0,192.0
William,Staged,0.9714285714285714,False,0.05714285714285714,False,185.0,162.0
Wilson,Daredevil,0.9653998227900759,False,0.07301647314121765,False,7.0,4.5
Wilson,Utopia,0.23573716242564502,False,0.8599563945942512,False,4.0,5.5
Xander,Frisky Dingo,0.36063834951457785,False,0.7622336702015493,False,30.0,32.5
Zoey,Zoey's Extraordinary Playlist,0.6857142857142857,False,0.42857142857142855,False,84.0,82.5
Zoë,Firefly,0.02857142857142857,True,1.0,False,7.0,15.0
